id,title,artist,playlists,filesize,length,file,artwork
0001,Colorful Flowers,Tokyo Music Walker,1,9749988,243.6473,lofi/0001.mp3,35
0002,Magical Moments,Purrple Cat,3,6077364,151.902041,lofi/0002.mp3,31
0003,Memories of Spring,Tokyo Music Walker,1,10548290,263.60485,lofi/0003.mp3,61
0004,Transcendence,Alexander Nakarada,1,32903480,822.5552,lofi/0004.mp3,2
0005,Sonder,Purrple Cat,3,7574630,189.324,lofi/0005.mp3,81
0006,Wildflowers,Purrple Cat,3,1608785,134.028,lofi/0006.mp3,77
0007,Purple Dream,Ghostrifter Official,3,5397141,134.82115,lofi/0007.mp3,41
0008,Missing You,Purrple Cat,2,3645409,227.552653,lofi/0008.mp3,58
0009,Heart Of The Ocean,Purrple Cat,2,2812841,175.516735,lofi/0009.mp3,30
0010,Sunset Drive,Tokyo Music Walker,1,9517892,237.8449,lofi/0010.mp3,76
0011,Bedtime After a Coffee,Barradeen,2,3630083,90.726475,lofi/0011.mp3,92
0012,Downtown Glow,Ghostrifter Official & Devyzed,1,6895657,172.355918,lofi/0012.mp3,91
0013,When I Was A Boy,Tokyo Music Walker,1,7763637,193.988525,lofi/0013.mp3,36
0014,Late At Night,Sakura Girl,2,8660250,216.40155,lofi/0014.mp3,95
0015,Storm Clouds,Purrple Cat,1,7015436,156.342857,lofi/0015.mp3,116
0016,Day Off,Tokyo Music Walker,2,3204736,160.032,lofi/0016.mp3,64
0017,Echoes in Blue,Tokyo Music Walker,2,2448868,153.048,lofi/0017.mp3,73
0018,New Beginnings,Tokyo Music Walker,2,3542176,176.904,lofi/0018.mp3,11
0019,Little Wishes,Tokyo Music Walker,2,3818656,190.728,lofi/0019.mp3,21
0020,Vibin',Purrple Cat,3,1345691,112.104,lofi/0020.mp3,77
0021,Silent Wood,Purrple Cat,1,3007603,187.689796,lofi/0021.mp3,90
0022,Wanted,Purrple Cat,2,3471934,216.711837,lofi/0022.mp3,116
0023,Cozy Place,Keys of Moon,1,10857438,236.9306,lofi/0023.mp3,100
0024,Brunch for Two,Tokyo Music Walker,2,2991706,186.697143,lofi/0024.mp3,82
0025,Slowly,Tokyo Music Walker,2,9991231,249.678375,lofi/0025.mp3,37
0026,Crescent Moon,Purrple Cat,1,5809882,142.968163,lofi/0026.mp3,4
0027,Green Tea,Purrple Cat,2,7892221,197.279925,lofi/0027.mp3,28
0028,Floating Castle,Purrple Cat & Bcalm,3,6643568,166.0636,lofi/0028.mp3,14
0029,Stardust,JSH,2,3892870,243.278367,lofi/0029.mp3,43
0030,Dreams Come True,Purrple Cat & Gerardo Millan,3,5949756,148.7183,lofi/0030.mp3,112
0031,Hibiscus,Purrple Cat ,3,1763438,146.916,lofi/0031.mp3,77
0032,Journey's End,Purrple Cat ,2,2613446,163.056327,lofi/0032.mp3,116
0033,Way Home,Tokyo Music Walker,1,10237955,255.846475,lofi/0033.mp3,93
0034,Where The Waves Take Us,Purrple Cat ,2,3162644,197.381224,lofi/0034.mp3,116
0035,Fragile,Keys of Moon,2,8420776,204.042456,lofi/0035.mp3,12
0036,Lo-Fi Fashion Chill Hip Hop | Vlog,Alex Productions,2,5099209,127.454625,lofi/0036.mp3,86
0037,Equinox,Purrple Cat ,2,5585087,139.601575,lofi/0037.mp3,28
0038,Torn,Purrple Cat ,1,8372387,209.268,lofi/0038.mp3,81
0039,Starlit Beach,Purrple Cat ,3,6956122,173.87102,lofi/0039.mp3,31
0040,Midnight Snack,Purrple Cat ,2,7523372,188.0587,lofi/0040.mp3,10
0041,Where Are We?,Artificial Music,1,3777096,133.178656,lofi/0041.mp3,3
0042,Lo-Fi Lounge Chill Hip Hop | City,Alex Productions,2,2054654,128.130612,lofi/0042.mp3,34
0043,Sugar Coat,Purrple Cat ,2,2879268,179.670204,lofi/0043.mp3,115
0044,Winter Night,Sakura Girl,1,6386552,159.5591,lofi/0044.mp3,6
0045,Moonlit Walk,Purrple Cat ,2,3375385,210.677551,lofi/0045.mp3,60
0046,Subtle Break,Ghostrifter Official,2,5685493,142.132225,lofi/0046.mp3,5
0047,Lo-Fi Lounge Chill Hip Hop | Soul,Alex Productions,2,2737646,113.893875,lofi/0047.mp3,53
0048,Forgotten Places,Purrple Cat ,2,6343675,158.458776,lofi/0048.mp3,59
0049,Lost In Thought,Ghostrifter Official,1,5810893,145.16565,lofi/0049.mp3,22
0050,Herbal Tea,Artificial Music,1,4364916,184.666,lofi/0050.mp3,104
0051,Faithful Mission,Artificial Music,1,5774726,152.482044,lofi/0051.mp3,16
0052,Ethereal,Ghostrifter Official,1,8198184,204.826122,lofi/0052.mp3,23
0053,Meadows In The Sky,Artificial Music,2,5142710,214.104917,lofi/0053.mp3,89
0054,Lazy Afternoon,Purrple Cat,2,4813196,120.241633,lofi/0054.mp3,71
0055,Shipwreck Cove,Purrple Cat,2,2645211,165.041633,lofi/0055.mp3,116
0056,Bird Bath,Purrple Cat,1,5205677,130.056,lofi/0056.mp3,71
0057,Serenity,Ghostrifter Official,1,10802297,270.053875,lofi/0057.mp3,99
0058,Constellations,Purrple Cat,3,6598768,164.937143,lofi/0058.mp3,31
0059,Morning Station,Tokyo Music Walker,2,6789792,169.6424,lofi/0059.mp3,79
0060,Walk Around,Roa,1,8952672,223.71265,lofi/0060.mp3,57
0061,Breakfast in Paris,Alex Productions,1,5136940,128.287347,lofi/0061.mp3,49
0062,Calm Waters,Purrple Cat,1,5176532,129.3877,lofi/0062.mp3,40
0063,Satellite,Purrple Cat,3,6791025,169.743673,lofi/0063.mp3,31
0064,Chill Lo-Fi Saxophone | Anpan,Alex Productions,2,4369580,181.890583,lofi/0064.mp3,68
0065,Alien Sky,Purrple Cat,2,2985867,186.331429,lofi/0065.mp3,58
0066,Shopping Spree,Purrple Cat,2,2183366,136.176327,lofi/0066.mp3,65
0067,Departure,Ghostrifter Official,1,5238274,130.951825,lofi/0067.mp3,38
0068,Cozy Fireplace,Purrple Cat,3,1800097,112.222041,lofi/0068.mp3,65
0069,Night Owls,Purrple Cat,1,8704458,160.548571,lofi/0069.mp3,81
0070,Sundown Drive,Ghostrifter Official,1,8920650,222.981224,lofi/0070.mp3,101
0071,Light My Heart,INOSSI,2,7141985,178.524025,lofi/0071.mp3,72
0072,Gentle Soft Fresh Lo-Fi | Instagram Reel,Alex Productions,2,4658168,116.349375,lofi/0072.mp3,18
0073,City Walk,Sakura Girl,2,7306063,182.546875,lofi/0073.mp3,102
0074,Sorrow,Sappheiros,2,5406308,135.05305,lofi/0074.mp3,69
0075,Out There,Purrple Cat,3,6433536,160.705306,lofi/0075.mp3,59
0076,Distant,Ghostrifter Official,2,5891478,147.252245,lofi/0076.mp3,24
0077,Tabula Rasa,Purrple Cat,2,3081978,192.339592,lofi/0077.mp3,59
0078,Mysterious Passenger,Purrple Cat,3,5409536,135.105306,lofi/0078.mp3,46
0079,Underwater,LiQWYD,2,5962483,166.19102,lofi/0079.mp3,17
0080,After Hours,Purrple Cat,2,7402156,184.920816,lofi/0080.mp3,46
0081,Fallen,Purrple Cat,1,7960262,198.974694,lofi/0081.mp3,31
0082,Kugelblitz,Purrple Cat,2,6628932,165.590204,lofi/0082.mp3,59
0083,Coral,LiQWYD,2,7082705,177.031837,lofi/0083.mp3,33
0084,Violet,Purrple Cat & Osaki,2,4849638,167.458197,lofi/0084.mp3,51
0085,Lonely,Purrple Cat,3,7043269,176.04,lofi/0085.mp3,81
0086,Fragments,Purrple Cat,3,6108713,152.676,lofi/0086.mp3,81
0087,Relaxing Smooth Lo-Fi |Skylines,Alex Productions,2,4448573,185.182042,lofi/0087.mp3,48
0088,Alone Time,Purrple Cat,2,3252944,203.023673,lofi/0088.mp3,39
0089,Balloon,Purrple Cat,2,3129625,195.317551,lofi/0089.mp3,78
0090,Contact,Purrple Cat,2,6270815,156.682449,lofi/0090.mp3,71
0091,Don't Leave Me Here Alone,Artificial Music,2,4077057,136.9403,lofi/0091.mp3,13
0092,We'll Meet Again,Tokyo Music Walker,2,4053322,253.048163,lofi/0092.mp3,117
0093,Pillow Fort,Purrple Cat,3,7894723,197.302857,lofi/0093.mp3,42
0094,Exploration,Purrple Cat,3,5210154,130.212,lofi/0094.mp3,81
0095,Snooze Button,Purrple Cat,2,3375803,210.703673,lofi/0095.mp3,110
0096,Light Years Apart,Purrple Cat,2,8242254,205.923265,lofi/0096.mp3,52
0097,Luminance,Ghostrifter Official,2,7682437,192.026122,lofi/0097.mp3,74
0098,Meteorites,Purrple Cat,3,7333193,183.196735,lofi/0098.mp3,20
0099,Afternoon,Balynt,2,3735680,93.361633,lofi/0099.mp3,105
0100,The Midnight Diner,Purrple Cat,3,7100881,177.48,lofi/0100.mp3,81
0101,Rooftop Rendezvous,Purrple Cat,2,7374481,184.32,lofi/0101.mp3,81
0102,Ferris Wheel,Purrple Cat,2,2397361,149.55102,lofi/0102.mp3,116
0103,Swingin',Purrple Cat,2,5768981,144.091429,lofi/0103.mp3,67
0104,Stay Chill,Sakura Girl,2,8658146,216.3493,lofi/0104.mp3,32
0105,Lo-Fi Fashion Chill Hip Hop 2.0 | Whistle,Alex Productions,2,3926322,163.422042,lofi/0105.mp3,88
0106,Lo-Fi Vlog Chill | UP,Alex Productions,2,3846310,96.052225,lofi/0106.mp3,50
0107,Dissipate,Purrple Cat,2,5150401,128.626939,lofi/0107.mp3,59
0108,Please Hold Me,Purrple Cat,2,10913013,272.692245,lofi/0108.mp3,114
0109,Moonwinds,Purrple Cat,2,6217242,155.297959,lofi/0109.mp3,59
0110,Before I Forget,Artificial Music,2,4756472,198.091833,lofi/0110.mp3,103
0111,Once In A Lifetime,Purrple Cat,3,11341530,160.888163,lofi/0111.mp3,31
0112,Elevated,Purrple Cat,3,8790957,219.742041,lofi/0112.mp3,31
0113,Timeless,Purrple Cat,2,7574564,189.23102,lofi/0113.mp3,20
0114,New Window,Artificial Music,2,4436150,184.664917,lofi/0114.mp3,44
0115,Starseed,Purrple Cat,2,8467952,211.565714,lofi/0115.mp3,15
0116,First Snow,Purrple Cat,3,5796148,144.770612,lofi/0116.mp3,75
0117,Rainy Streets,Purrple Cat,2,6743756,168.552,lofi/0117.mp3,81
0118,Twilight Market,Purrple Cat,2,6992878,174.78,lofi/0118.mp3,81
0119,Wishes,Purrple Cat,2,4347920,108.564898,lofi/0119.mp3,20
0120,Beach Club,Purrple Cat,3,1616991,134.712,lofi/0120.mp3,77
0121,Cloud 9,Purrple Cat,3,2000604,166.68,lofi/0121.mp3,77
0122,In The Moment,Purrple Cat,2,8134796,203.328,lofi/0122.mp3,81
0123,Oddity,Purrple Cat,3,10938200,150.804898,lofi/0123.mp3,31
0124,Somewhere New,Purrple Cat,2,1487394,123.912,lofi/0124.mp3,77
0125,Space Pirates,Purrple Cat,2,5627920,140.564898,lofi/0125.mp3,59
0126,Winter Morning,Purrple Cat,2,5957062,148.793469,lofi/0126.mp3,75
0127,Morning Routine,Ghostrifter Official,4,1926040,120.084898,lofi/0127.mp3,27
0128,Golden Hour,Purrple Cat,4,2337568,194.76,lofi/0128.mp3,77
0129,Daydreams,Purrple Cat,4,2429150,202.392,lofi/0129.mp3,77
0130,Double Rainbow,Purrple Cat,4,1812259,150.984,lofi/0130.mp3,77
0131,On My Way,Ghostrifter Official,4,2281305,142.28898,lofi/0131.mp3,84
0132,Midnight Stroll,Ghostrifter Official,4,3360058,209.71102,lofi/0132.mp3,66
0133,City Lights,Ghostrifter Official,4,6275771,156.786925,lofi/0133.mp3,62
0134,Still Awake,Ghostrifter Official,4,2696757,168.254694,lofi/0134.mp3,109
0135,Lost And Found,Purrple Cat,4,6356510,158.82449,lofi/0135.mp3,71
0136,Wondering,"Purrple Cat, Amess, Banks",4,3412026,142.032,lofi/0136.mp3,47
0137,Celestia,Ghostrifter Official,4,5872394,146.703675,lofi/0137.mp3,107
0138,Embrace,Sappheiros,4,4434911,276.897959,lofi/0138.mp3,108
0139,Sleepless,Purrple Cat,4,7168300,179.121633,lofi/0139.mp3,9
0140,Study and Relax,Kevin MacLeod,4,9070686,223.3992,lofi/0140.mp3,56
0141,City Life,Artificial Music,4,5416961,221.732667,lofi/0141.mp3,26
0142,Signs of Life,Purrple Cat,4,5985570,149.55102,lofi/0142.mp3,71
0143,Gentle Lo-Fi Vlog | Cookies,Alex Productions,4,3937612,163.892208,lofi/0143.mp3,54
0144,Bedhead,Bcalm,4,3508067,146.04,lofi/0144.mp3,113
0145,Cat's Cradle,Purrple Cat,4,7523853,187.689796,lofi/0145.mp3,70
0146,Soft Lo-Fi [Lo-Fi Beat] | GIRL,Alex Productions,4,5366406,223.425292,lofi/0146.mp3,55
0147,Subtle Break,Ghostrifter Official,4,5685493,142.132225,lofi/0147.mp3,98
0148,Forgotten Places,Purrple Cat ,4,6343675,158.458776,lofi/0148.mp3,59
0149,Breathtaking,Purrple Cat ,4,8450081,192.20898,lofi/0149.mp3,116
0150,Lazy Afternoon,Purrple Cat ,4,4813196,120.241633,lofi/0150.mp3,71
0151,Serendipity,Purrple Cat,4,6742072,168.463673,lofi/0151.mp3,71
0152,Back Home,Ghostrifter Official,4,6341685,158.537125,lofi/0152.mp3,85
0153,Afternoon Nap,Ghostrifter Official,4,2053517,128.052245,lofi/0153.mp3,19
0154,In The Past,Purrple Cat,4,6575933,164.310204,lofi/0154.mp3,71
0155,Wonderment,Purrple Cat,4,7273923,181.76,lofi/0155.mp3,71
0156,Glowing Tides,Purrple Cat,4,13246379,208.509388,lofi/0156.mp3,31
0157,Crying Sky,Purrple Cat,4,8953830,223.712653,lofi/0157.mp3,8
0158,Hot Coffee,Ghostrifter Official,4,5561149,139.023675,lofi/0158.mp3,106
0159,Strawberry Lemonade,Purrple Cat,4,1876632,156.348,lofi/0159.mp3,77
0160,Dream Machine,Purrple Cat,4,5897845,147.36,lofi/0160.mp3,71
0161,Sand Castles,Purrple Cat,4,6055291,151.356675,lofi/0161.mp3,29
0162,Owlets,Purrple Cat & Prithvi,4,5312798,132.754286,lofi/0162.mp3,80
0163,Steadfast Boots,Artificial Music,4,5207852,216.821625,lofi/0163.mp3,111
0164,Thunder Nap,Purrple Cat,4,6430889,160.365714,lofi/0164.mp3,70
0165,Spring,Sakura Girl,4,6775240,169.27665,lofi/0165.mp3,25
0166,Nightfall,Purrple Cat,4,5872558,146.782041,lofi/0166.mp3,31
0167,Message From Home,Purrple Cat,4,7993568,199.706122,lofi/0167.mp3,59
0168,Stranded,Purrple Cat,4,8649764,216.11102,lofi/0168.mp3,90
0169,Distant Ships,Purrple Cat,4,7017770,175.412245,lofi/0169.mp3,31
0170,Celestial Sands,Purrple Cat,4,11797106,172.277551,lofi/0170.mp3,31
0171,Luminous,Purrple Cat,4,10969546,151.588571,lofi/0171.mp3,31
0172,Bubble Wand,Purrple Cat,4,2407985,200.628,lofi/0172.mp3,77
0173,Skyline Mirage,Artificial Music,4,7952021,198.672,lofi/0173.mp3,96
0174,Butterfly,Purrple Cat,3,1864095,155.304,lofi/0174.mp3,77
0175,Sunshine Boulevard,Purrple Cat,3,1829976,152.46,lofi/0175.mp3,77
0176,Soon We'll Fly,Ghostrifter Official,1,10597713,264.907755,lofi/0176.mp3,97
0177,Star Bright,Purrple Cat ,1,6075286,149.603265,lofi/0177.mp3,4
0178,Waiting,Ghostrifter Official,1,8133625,203.337125,lofi/0178.mp3,63
0179,Mellow Out,Ghostrifter Official,1,7682232,192.052225,lofi/0179.mp3,87
0180,Earl Grey,Purrple Cat,3,2203646,183.6,lofi/0180.mp3,77
0181,Simplicit Nights,Ghostrifter Official,1,5976133,149.368163,lofi/0181.mp3,83
0182,Flourish,Purrple Cat,1,6284123,157.077475,lofi/0182.mp3,28
0183,Time To Think,Purrple Cat,1,7271694,179.513469,lofi/0183.mp3,4
0184,Pillars Of Creation,Purrple Cat,3,4632750,149.832,lofi/0184.mp3,45
0185,Calm And Sleeping Lo-Fi Hip Hop,Alex Productions,1,6208421,258.50775,lofi/0185.mp3,94
0186,Spring Showers,Purrple Cat,1,7284091,182.076675,lofi/0186.mp3,28
0187,Bloom,Purrple Cat,1,6043797,151.069325,lofi/0187.mp3,28
0188,Anomaly,Purrple Cat,3,7446042,186.017959,lofi/0188.mp3,59
